Metrics/EpRet,Metrics/EpCost,Metrics/EpLen,Train/Epoch,Train/Entropy,Train/KL,Train/StopIter,Train/PolicyRatio,Train/PolicyRatio/Min,Train/PolicyRatio/Max,Train/PolicyRatio/Std,Train/LR,Train/PolicyStd,TotalEnvSteps,Loss/Loss_pi,Loss/Loss_pi/Delta,Value/Adv,Loss/Loss_reward_critic,Loss/Loss_reward_critic/Delta,Value/reward,Loss/Loss_cost_critic,Loss/Loss_cost_critic/Delta,Value/cost,Time/Total,Time/Rollout,Time/Update,Time/Epoch,Time/FPS,Misc/Alpha,Misc/FinalStepNorm,Misc/gradient_norm,Misc/xHx,Misc/H_inv_g,Misc/AcceptanceStep,Metrics/LagrangeMultiplier,Metrics/LagrangeMultiplier/Min,Metrics/LagrangeMultiplier/Max,Metrics/LagrangeMultiplier/Std
-0.1470714509487152,77.6500015258789,1000.0,0.0,1.4192900657653809,0.00036921576247550547,10.0,1.0001115798950195,1.0001115798950195,1.0001115798950195,7.889889820944518e-05,0.0,1.0003606081008911,20000.0,-0.014401101507246494,-0.014401101507246494,6.675719976811934e-10,0.006244644057005644,0.006244644057005644,0.021773381158709526,3.6690056324005127,3.6690056324005127,-0.13317905366420746,98.2330551147461,89.25605773925781,8.976510047912598,98.23263549804688,203.5983428955078,0.950171947479248,0.26869872212409973,0.09666653722524643,0.02215263620018959,0.2827896475791931,1.0,0.03599999472498894,0.03599999472498894,0.03599999472498894,0.0
0.2593076825141907,111.6500015258789,1000.0,1.0,1.414663314819336,0.0004217407258693129,10.0,0.9998971819877625,0.9998971819877625,0.9998971819877625,7.26892685634084e-05,0.0,0.9958364963531494,40000.0,-0.011420988477766514,0.0029801130294799805,8.821487429422348e-10,0.004969120491296053,-0.001275523565709591,0.015832586213946342,3.478996515274048,-0.19000911712646484,1.1758875846862793,186.46554565429688,79.58369445800781,8.62481689453125,88.20855712890625,226.7353973388672,1.2090469598770142,0.2508566975593567,0.09168955683708191,0.01368180476129055,0.20748299360275269,1.0,0.07043465971946716,0.07043465971946716,0.07043465971946716,0.0
0.7926739454269409,118.5,1000.0,2.0,1.409650444984436,0.0004229226033203304,10.0,0.9993231296539307,0.9993231296539307,0.9993231296539307,0.0004786195931956172,0.0,0.9908266663551331,60000.0,-0.015606534667313099,-0.004185546189546585,-4.3630601354038845e-09,0.005896111950278282,0.0009269914589822292,0.06828509271144867,3.647012710571289,0.1680161952972412,2.4807000160217285,274.5643005371094,79.0029525756836,9.070016860961914,88.0730209350586,227.08432006835938,0.9082887768745422,0.2370503842830658,0.11830317229032516,0.02424275316298008,0.26098570227622986,1.0,0.10515932738780975,0.10515932738780975,0.10515932738780975,0.0
1.8884812593460083,101.9000015258789,1000.0,3.0,1.4009603261947632,0.00039706670213490725,10.0,1.0013017654418945,1.0013017654418945,1.0013017654418945,0.000920543388929218,0.0,0.9822275042533875,80000.0,-0.010823006741702557,0.004783527925610542,2.4414061883248905e-08,0.009095480665564537,0.003199368715286255,0.08273425698280334,2.778536796569824,-0.8684759140014648,5.847365856170654,363.0416259765625,79.79134368896484,8.660659790039062,88.45205688476562,226.11122131347656,1.269872784614563,0.2614874541759491,0.07871285080909729,0.012402499094605446,0.20591624081134796,1.0,0.1399093121290207,0.1399093121290207,0.1399093121290207,0.0
3.2945058345794678,83.54000091552734,1000.0,4.0,1.3997362852096558,0.00040646104025654495,10.0,0.9983498454093933,0.9983498454093933,0.9983498454093933,0.001166877686046064,0.0,0.981072723865509,100000.0,-0.012537417002022266,-0.0017144102603197098,-1.1682510514532396e-09,0.00901141855865717,-8.40621069073677e-05,0.14405100047588348,2.5150842666625977,-0.26345252990722656,5.248435974121094,451.2566833496094,79.5602798461914,8.630101203918457,88.19043731689453,226.781982421875,1.1265709400177002,0.2622853219509125,0.08791470527648926,0.015758419409394264,0.2328174114227295,1.0,0.174088716506958,0.174088716506958,0.174088716506958,0.0
5.256025314331055,59.18000030517578,1000.0,5.0,1.3921512365341187,0.0003879041178151965,10.0,0.9984617829322815,0.9984617829322815,0.9984617829322815,0.001087669632397592,0.0,0.9737775325775146,120000.0,-0.010917619802057743,0.0016197971999645233,3.910064716450279e-09,0.014387782663106918,0.005376364104449749,0.23777182400226593,1.777418851852417,-0.7376654148101807,4.404165744781494,540.1014404296875,80.21623229980469,8.604558944702148,88.82083892822266,225.1724090576172,1.247996211051941,0.26272067427635193,0.08056626468896866,0.012841125950217247,0.21051399409770966,1.0,0.20659658312797546,0.20659658312797546,0.20659658312797546,0.0
6.8428120613098145,56.5,1000.0,6.0,1.3739975690841675,0.00040749000618234277,10.0,1.0000925064086914,1.0000925064086914,1.0000925064086914,6.53557654004544e-05,0.0,0.9568988680839539,140000.0,-0.012903227470815182,-0.0019856076687574387,1.4114379887075756e-08,0.014850057661533356,0.0004622749984264374,0.3583572208881378,1.8127861022949219,0.03536725044250488,4.58417272567749,628.9136962890625,80.21835327148438,8.569501876831055,88.78790283203125,225.2559356689453,1.043761134147644,0.2511114180088043,0.10929392278194427,0.01835809275507927,0.24058324098587036,1.0,0.2377203106880188,0.2377203106880188,0.2377203106880188,0.0
7.6988844871521,61.220001220703125,1000.0,7.0,1.3590469360351562,0.0003794517833739519,10.0,1.0007883310317993,1.0007883310317993,1.0007883310317993,0.0005574623355641961,0.0,0.9431273341178894,160000.0,-0.013274471275508404,-0.00037124380469322205,4.901885830577157e-08,0.014511438086628914,-0.00033861957490444183,0.39239317178726196,1.8222365379333496,0.009450435638427734,4.732016563415527,718.4267578125,80.75537109375,8.733675003051758,89.48909759521484,223.49093627929688,1.0417386293411255,0.26508069038391113,0.11733922362327576,0.01842944324016571,0.254459947347641,1.0,0.26811420917510986,0.26811420917510986,0.26811420917510986,0.0
9.336162567138672,56.47999954223633,1000.0,8.0,1.3536328077316284,0.00038523104740306735,10.0,0.9995391964912415,0.9995391964912415,0.9995391964912415,0.0003258513461332768,0.0,0.9380629658699036,180000.0,-0.011478453874588013,0.001796017400920391,1.0776520120714395e-08,0.019365480169653893,0.004854042083024979,0.555748462677002,1.266544222831726,-0.5556923151016235,5.188944339752197,807.510986328125,80.283935546875,8.773895263671875,89.0578842163086,224.57305908203125,1.2209855318069458,0.2697750926017761,0.09465675055980682,0.013415553607046604,0.22094863653182983,1.0,0.2976635694503784,0.2976635694503784,0.2976635694503784,0.0
11.405033111572266,48.560001373291016,1000.0,9.0,1.339760422706604,0.0003949702950194478,10.0,0.9993343353271484,0.9993343353271484,0.9993343353271484,0.0004707241023425013,0.0,0.9254648089408875,200000.0,-0.01136179268360138,0.0001166611909866333,-5.626678500902926e-08,0.017484458163380623,-0.0018810220062732697,0.7372137308120728,1.3976880311965942,0.13114380836486816,5.450503826141357,897.9849243164062,81.69910430908203,8.749955177307129,90.44911193847656,221.11883544921875,1.1597212553024292,0.2545219957828522,0.12199846655130386,0.014870394952595234,0.21946820616722107,1.0,0.3260073661804199,0.3260073661804199,0.3260073661804199,0.0
13.36376953125,54.540000915527344,1000.0,10.0,1.3355159759521484,0.0003572943096514791,10.0,1.000239372253418,1.000239372253418,1.000239372253418,0.00016920556663535535,0.0,0.9214658141136169,220000.0,-0.012301132082939148,-0.0009393393993377686,-1.4877318932349226e-08,0.017536915838718414,5.245767533779144e-05,0.8042895793914795,1.4164836406707764,0.01879560947418213,5.909501075744629,987.709228515625,80.8870620727539,8.811299324035645,89.69841003417969,222.9694061279297,1.1288378238677979,0.272793173789978,0.11093992739915848,0.01569519191980362,0.24165849387645721,1.0,0.3537836968898773,0.3537836968898773,0.3537836968898773,0.0
15.147546768188477,58.02000045776367,1000.0,11.0,1.3162920475006104,0.0003824366722255945,10.0,0.9995747208595276,0.9995747208595276,0.9995747208595276,0.00030070371576584876,0.0,0.9038617014884949,240000.0,-0.011447400785982609,0.0008537312969565392,1.4925003455346086e-08,0.02110680192708969,0.003569886088371277,0.9644176959991455,1.505816102027893,0.0893324613571167,6.189767360687256,1077.2066650390625,80.6534652709961,8.818769454956055,89.4722900390625,223.5329132080078,1.1335420608520508,0.2664733827114105,0.09994983673095703,0.015565192326903343,0.2350803017616272,1.0,0.3813381791114807,0.3813381791114807,0.3813381791114807,0.0
16.889074325561523,55.91999816894531,1000.0,12.0,1.2832220792770386,0.0003927272045984864,10.0,0.999659538269043,0.999659538269043,0.999659538269043,0.00024071469670161605,0.0,0.8747689127922058,260000.0,-0.011903551407158375,-0.000456150621175766,2.250671471415444e-08,0.02136695198714733,0.0002601500600576401,1.0730129480361938,1.439420461654663,-0.06639564037322998,5.856574058532715,1166.4361572265625,80.57688903808594,8.627153396606445,89.20408630371094,224.2050018310547,1.1109908819198608,0.2643626630306244,0.10642987489700317,0.016203496605157852,0.2379521131515503,1.0,0.408596009016037,0.408596009016037,0.408596009016037,0.0
17.877986907958984,55.099998474121094,1000.0,13.0,1.2475042343139648,0.00037732053897343576,10.0,0.9997631907463074,0.9997631907463074,0.9997631907463074,0.00016746348410379142,0.0,0.844977080821991,280000.0,-0.01091421116143465,0.0009893402457237244,2.231597839852384e-08,0.019540881738066673,-0.001826070249080658,1.1873068809509277,1.3445619344711304,-0.09485852718353271,6.074014663696289,1255.5882568359375,80.37239074707031,8.755163192749023,89.12760162353516,224.39739990234375,1.1861834526062012,0.26997530460357666,0.11144004017114639,0.014214315451681614,0.22759996354579926,1.0,0.43557026982307434,0.43557026982307434,0.43557026982307434,0.0
18.95163345336914,49.7599983215332,1000.0,14.0,1.2192564010620117,0.00031816697446629405,10.0,1.0007232427597046,1.0007232427597046,1.0007232427597046,0.0005113817751407623,0.0,0.8216128349304199,300000.0,-0.009771711193025112,0.0011424999684095383,6.27517735551919e-08,0.02125791274011135,0.0017170310020446777,1.2876710891723633,1.3554409742355347,0.010879039764404297,5.918168067932129,1344.56689453125,80.29507446289062,8.659107208251953,88.95423889160156,224.83473205566406,1.334614872932434,0.29530346393585205,0.08627839386463165,0.011228395625948906,0.22126486897468567,1.0,0.46195751428604126,0.46195751428604126,0.46195751428604126,0.0
19.727046966552734,46.15999984741211,1000.0,15.0,1.2052807807922363,0.0003627857659012079,10.0,0.999424159526825,0.999424159526825,0.999424159526825,0.00040722283301874995,0.0,0.8107500672340393,320000.0,-0.010984860360622406,-0.0012131491675972939,3.814697446813398e-09,0.02065661922097206,-0.0006012935191392899,1.3640000820159912,1.2777780294418335,-0.07766294479370117,5.859362602233887,1433.4429931640625,79.98130798339844,8.869956016540527,88.85131072998047,225.09518432617188,1.1705589294433594,0.26859942078590393,0.12349222600460052,0.014596313238143921,0.22946256399154663,1.0,0.48759129643440247,0.48759129643440247,0.48759129643440247,0.0
19.85325050354004,50.439998626708984,1000.0,16.0,1.181909441947937,0.0004065958200953901,10.0,0.9995148777961731,0.9995148777961731,0.9995148777961731,0.00034304725704714656,0.0,0.7933701872825623,340000.0,-0.012914457358419895,-0.0019295969977974892,1.354217538107605e-08,0.022765155881643295,0.002108536660671234,1.4290282726287842,1.3581697940826416,0.0803917646408081,6.3058295249938965,1522.7215576171875,80.71688842773438,8.537659645080566,89.25460815429688,224.07809448242188,1.036163568496704,0.2514951825141907,0.15050925314426422,0.01862829551100731,0.2427176535129547,1.0,0.5128900408744812,0.5128900408744812,0.5128900408744812,0.0
20.042585372924805,55.29999923706055,1000.0,17.0,1.1672817468643188,0.00032753011328168213,10.0,1.0000877380371094,1.0000877380371094,1.0000877380371094,6.198401388246566e-05,0.0,0.7824558615684509,360000.0,-0.011155198328197002,0.0017592590302228928,-4.577636936176077e-09,0.02432624250650406,0.0015610866248607635,1.477662444114685,1.3207751512527466,-0.03739464282989502,6.3931379318237305,1611.406982421875,79.96754455566406,8.692601203918457,88.66020202636719,225.58038330078125,1.1776809692382812,0.289623886346817,0.10388513654470444,0.014420300722122192,0.24592722952365875,1.0,0.5382532477378845,0.5382532477378845,0.5382532477378845,0.0
20.520118713378906,51.459999084472656,1000.0,18.0,1.1458107233047485,0.00034494229475967586,10.0,1.000064492225647,1.000064492225647,1.000064492225647,4.568733857013285e-05,0.0,0.7668733596801758,380000.0,-0.011107474565505981,4.7723762691020966e-05,4.386901863995263e-08,0.02302653342485428,-0.0012997090816497803,1.5830042362213135,1.1891556978225708,-0.13161945343017578,6.348980903625488,1700.5711669921875,80.45072937011719,8.686309814453125,89.1370849609375,224.37351989746094,1.17051100730896,0.2900635302066803,0.1279112845659256,0.014597507193684578,0.24780932068824768,1.0,0.5634251236915588,0.5634251236915588,0.5634251236915588,0.0
21.757335662841797,50.81999969482422,1000.0,19.0,1.1284127235412598,0.0003264416300226003,10.0,0.9998102188110352,0.9998102188110352,0.9998102188110352,0.00013419556489679962,0.0,0.7543258666992188,400000.0,-0.011963211931288242,-0.0008557373657822609,-3.8146971692576415e-10,0.023340096697211266,0.000313563272356987,1.7386327981948853,1.2100980281829834,0.020942330360412598,6.131361961364746,1789.8433837890625,80.27886199951172,8.968574523925781,89.24748229980469,224.0959930419922,1.0867894887924194,0.2916489541530609,0.10682142525911331,0.016933193430304527,0.2683582901954651,1.0,0.5883999466896057,0.5883999466896057,0.5883999466896057,0.0
22.68358612060547,50.52000045776367,1000.0,20.0,1.1197758913040161,0.0003026414487976581,10.0,0.9993783831596375,0.9993783831596375,0.9993783831596375,0.0004395354480948299,0.0,0.7487294673919678,420000.0,-0.010897104628384113,0.001066107302904129,3.044605279001189e-08,0.022622721269726753,-0.0007173754274845123,1.8206558227539062,1.1873698234558105,-0.02272820472717285,6.121102333068848,1879.5308837890625,80.7982406616211,8.864670753479004,89.6629638671875,223.0575714111328,1.2001429796218872,0.30177414417266846,0.12097308784723282,0.01388556882739067,0.25144854187965393,1.0,0.6131955981254578,0.6131955981254578,0.6131955981254578,0.0
23.170549392700195,48.099998474121094,1000.0,21.0,1.1095848083496094,0.0003542575577739626,10.0,0.999993622303009,0.999993622303009,0.999993622303009,4.523805273493053e-06,0.0,0.741840124130249,440000.0,-0.013225950300693512,-0.0023288456723093987,-2.2888183792701966e-08,0.025913987308740616,0.0032912660390138626,1.8883761167526245,1.2325222492218018,0.04515242576599121,5.855509281158447,1968.396728515625,80.25180053710938,8.588958740234375,88.84080505371094,225.12179565429688,1.0005414485931396,0.2779035270214081,0.1391647756099701,0.019978351891040802,0.27775317430496216,1.0,0.637669026851654,0.637669026851654,0.637669026851654,0.0
23.162336349487305,51.459999084472656,1000.0,22.0,1.0970309972763062,0.00030915194656699896,10.0,0.9981570243835449,0.9981570243835449,0.9981570243835449,0.0013031805865466595,0.0,0.733767032623291,460000.0,-0.012713943608105183,0.0005120066925883293,-3.814697446813398e-09,0.025779956951737404,-0.00013403035700321198,1.8957592248916626,1.2521058320999146,0.019583582878112793,5.766841411590576,2056.742431640625,79.59012603759766,8.731457710266113,88.3216323852539,226.4451141357422,0.9926939010620117,0.2929995059967041,0.1312769502401352,0.020295467227697372,0.29515600204467773,1.0,0.6621217727661133,0.6621217727661133,0.6621217727661133,0.0
22.978464126586914,47.41999816894531,1000.0,23.0,1.0830265283584595,0.0002859390515368432,10.0,1.0004969835281372,1.0004969835281372,1.0004969835281372,0.0003514485142659396,0.0,0.7244653701782227,480000.0,-0.010982434265315533,0.00173150934278965,1.1658668697123176e-08,0.02537410333752632,-0.00040585361421108246,1.9231185913085938,1.1471737623214722,-0.10493206977844238,5.799463272094727,2146.14501953125,80.48986053466797,8.88839340209961,89.37830352783203,223.7679901123047,1.160727620124817,0.30983108282089233,0.10706929862499237,0.01484462060034275,0.2669283151626587,1.0,0.6862673163414001,0.6862673163414001,0.6862673163414001,0.0
23.3935604095459,46.70000076293945,1000.0,24.0,1.072688102722168,0.00030255221645347774,10.0,1.0018383264541626,1.0018383264541626,1.0018383264541626,0.0012999774189665914,0.0,0.7176775336265564,500000.0,-0.01216347049921751,-0.0011810362339019775,5.149841442175784e-09,0.021984092891216278,-0.0033900104463100433,2.030113458633423,1.1857258081436157,0.038552045822143555,5.886926174163818,2234.57373046875,79.70958709716797,8.693354606628418,88.40299224853516,226.23670959472656,1.080294132232666,0.3044603168964386,0.10926652699708939,0.017137430608272552,0.28183087706565857,1.0,0.7100963592529297,0.7100963592529297,0.7100963592529297,0.0
23.071569442749023,43.79999923706055,1000.0,25.0,1.0650925636291504,0.00030449836049228907,10.0,1.0001341104507446,1.0001341104507446,1.0001341104507446,9.48023225646466e-05,0.0,0.7138345837593079,520000.0,-0.010911382734775543,0.001252087764441967,1.201629640235069e-08,0.022047949954867363,6.38570636510849e-05,1.978245496749878,1.0511530637741089,-0.13457274436950684,5.5479888916015625,2323.87841796875,80.48110961914062,8.799089431762695,89.2802505493164,224.01373291015625,1.2559757232666016,0.3072470724582672,0.09111987799406052,0.01267847791314125,0.24462823569774628,1.0,0.7334240674972534,0.7334240674972534,0.7334240674972534,0.0
23.025428771972656,47.7400016784668,1000.0,26.0,1.0559319257736206,0.0002884885761886835,10.0,0.9991266131401062,0.9991266131401062,0.9991266131401062,0.0006175637245178223,0.0,0.7080212235450745,540000.0,-0.012314108200371265,-0.0014027254655957222,7.343292196537732e-09,0.02598581090569496,0.003937860950827599,2.071025848388672,1.1413891315460205,0.09023606777191162,5.653553009033203,2412.8896484375,80.39024353027344,8.594261169433594,88.98456573486328,224.75811767578125,1.0315346717834473,0.31063178181648254,0.11766429245471954,0.018795855343341827,0.30113548040390015,1.0,0.7566308975219727,0.7566308975219727,0.7566308975219727,0.0
23.448331832885742,46.79999923706055,1000.0,27.0,1.0473507642745972,0.00029194835224188864,10.0,1.0002065896987915,1.0002065896987915,1.0002065896987915,0.00014605288743041456,0.0,0.70292729139328,560000.0,-0.011774973012506962,0.0005391351878643036,8.678436635989328e-09,0.021367980167269707,-0.004617830738425255,2.1175291538238525,1.1527166366577148,0.011327505111694336,5.838855266571045,2502.50244140625,80.8095474243164,8.776800155639648,89.5864028930664,223.24818420410156,1.0930622816085815,0.31004688143730164,0.1083984375,0.01673940010368824,0.28364983201026917,1.0,0.7796682119369507,0.7796682119369507,0.7796682119369507,0.0
23.8692684173584,48.31999969482422,1000.0,28.0,1.042798399925232,0.00029621957219205797,10.0,0.9992199540138245,0.9992199540138245,0.9992199540138245,0.000551561766769737,0.0,0.7007002830505371,580000.0,-0.013051055371761322,-0.0012760823592543602,-5.722046170220096e-10,0.01917397230863571,-0.002194007858633995,2.152042865753174,1.1364295482635498,-0.01628708839416504,5.551064968109131,2591.481689453125,80.26197052001953,8.690692901611328,88.95271301269531,224.83859252929688,0.9803569316864014,0.30022990703582764,0.13848832249641418,0.020809486508369446,0.30624550580978394,1.0,0.8026905655860901,0.8026905655860901,0.8026905655860901,0.0
23.2355899810791,39.959999084472656,1000.0,29.0,1.0403575897216797,0.0003047788341064006,10.0,0.9991137385368347,0.9991137385368347,0.9991137385368347,0.000626723631285131,0.0,0.6993576884269714,600000.0,-0.011219429783523083,0.0018316255882382393,-4.577636936176077e-09,0.021199731156229973,0.002025758847594261,2.1242823600769043,0.9707301259040833,-0.16569942235946655,5.101844310760498,2681.566162109375,81.1535873413086,8.905166625976562,90.05880737304688,222.0771484375,1.172766923904419,0.30619117617607117,0.10377251356840134,0.014541402459144592,0.2610844373703003,1.0,0.8250135183334351,0.8250135183334351,0.8250135183334351,0.0
22.774097442626953,33.279998779296875,1000.0,30.0,1.0345028638839722,0.0002733607543632388,10.0,1.0003141164779663,1.0003141164779663,1.0003141164779663,0.00022202963009476662,0.0,0.6953401565551758,620000.0,-0.0117215970531106,-0.0005021672695875168,3.528594971768939e-09,0.022539585828781128,0.001339854672551155,2.147562026977539,0.9292946457862854,-0.04143548011779785,5.061237812042236,2771.3544921875,81.1055908203125,8.658008575439453,89.7636489868164,222.80735778808594,1.0867959260940552,0.3174484968185425,0.11116591840982437,0.01693299412727356,0.29209578037261963,1.0,0.846119225025177,0.846119225025177,0.846119225025177,0.0
22.614852905273438,40.31999969482422,1000.0,31.0,1.0276479721069336,0.0002845746057573706,10.0,0.9991809725761414,0.9991809725761414,0.9991809725761414,0.0005791258299723268,0.0,0.6905980110168457,640000.0,-0.013641241006553173,-0.0019196439534425735,-8.583068700218632e-10,0.021530669182538986,-0.0010089166462421417,2.169450044631958,1.0634174346923828,0.1341227889060974,5.122641086578369,2860.45556640625,80.51814270019531,8.557805061340332,89.07599639892578,224.52740478515625,0.9636198878288269,0.3178749084472656,0.12529274821281433,0.021538643166422844,0.32987579703330994,1.0,0.86676025390625,0.86676025390625,0.86676025390625,0.0
23.608152389526367,46.41999816894531,1000.0,32.0,1.0182747840881348,0.0002725818194448948,10.0,0.9997217059135437,0.9997217059135437,0.9997217059135437,0.00019676958618219942,0.0,0.6843970417976379,660000.0,-0.012602987699210644,0.0010382533073425293,-1.4972686201986107e-08,0.024635164067149162,0.003104494884610176,2.2450571060180664,1.1643457412719727,0.10092830657958984,5.154123783111572,2949.7080078125,80.30220031738281,8.926363945007324,89.2286148071289,224.14337158203125,1.0162370204925537,0.3200840950012207,0.11922039836645126,0.01936599239706993,0.314969927072525,1.0,0.8875288963317871,0.8875288963317871,0.8875288963317871,0.0
23.520606994628906,46.220001220703125,1000.0,33.0,1.0086513757705688,0.0002967463224194944,10.0,0.9993937611579895,0.9993937611579895,0.9993937611579895,0.000428689643740654,0.0,0.6789800524711609,680000.0,-0.013911172747612,-0.0013081850484013557,-2.574920721087892e-09,0.024225592613220215,-0.00040957145392894745,2.241088390350342,1.0578632354736328,-0.10648250579833984,5.008061408996582,3038.36865234375,79.98160552978516,8.65472412109375,88.63638305664062,225.64100646972656,0.9363504648208618,0.30886897444725037,0.13801638782024384,0.02281145378947258,0.3298646807670593,1.0,0.9084093570709229,0.9084093570709229,0.9084093570709229,0.0
23.830503463745117,40.7599983215332,1000.0,34.0,0.9995107054710388,0.00029478425858542323,10.0,0.9995018839836121,0.9995018839836121,0.9995018839836121,0.0003522633633110672,0.0,0.6731426119804382,700000.0,-0.011713656596839428,0.0021975161507725716,7.629394893626795e-09,0.023618899285793304,-0.0006066933274269104,2.249232292175293,0.9432689547538757,-0.11459428071975708,5.0805768966674805,3127.633056640625,80.49315643310547,8.74593734741211,89.23915100097656,224.1168975830078,1.12264084815979,0.30932939052581787,0.10368581861257553,0.01586894690990448,0.2755372226238251,1.0,0.928916335105896,0.928916335105896,0.928916335105896,0.0
23.579849243164062,41.13999938964844,1000.0,35.0,1.0052213668823242,0.0002892729244194925,10.0,0.9995555877685547,0.9995555877685547,0.9995555877685547,0.0003142468922305852,0.0,0.678271472454071,720000.0,-0.013302330859005451,-0.0015886742621660233,4.673004205812958e-09,0.023864932358264923,0.00024603307247161865,2.2827272415161133,0.9950438141822815,0.05177485942840576,5.210600852966309,3216.901123046875,80.51350402832031,8.721973419189453,89.23553466796875,224.1259765625,0.9961615800857544,0.3108134865760803,0.1197996512055397,0.02015441656112671,0.31201109290122986,1.0,0.9491310715675354,0.9491310715675354,0.9491310715675354,0.0
23.89368438720703,44.279998779296875,1000.0,36.0,0.9995158314704895,0.00032224683673121035,10.0,0.9988973140716553,0.9988973140716553,0.9988973140716553,0.0007797166472300887,0.0,0.674595057964325,740000.0,-0.014740982092916965,-0.0014386512339115143,-4.100799699813251e-09,0.021805720403790474,-0.002059211954474449,2.3228275775909424,1.0230369567871094,0.02799314260482788,5.0157790184021,3306.695068359375,80.99236297607422,8.777124404907227,89.7695541381836,222.79270935058594,0.8756171464920044,0.29724571108818054,0.15460734069347382,0.02608562633395195,0.33946990966796875,1.0,0.9693809747695923,0.9693809747695923,0.9693809747695923,0.0
24.64205551147461,42.599998474121094,1000.0,37.0,0.9907925128936768,0.0002873258199542761,10.0,0.9999249577522278,0.9999249577522278,0.9999249577522278,5.3076932090334594e-05,0.0,0.6683745980262756,760000.0,-0.014273487031459808,0.00046749506145715714,4.529952857268427e-09,0.022425226867198944,0.0006195064634084702,2.362743854522705,1.00875985622406,-0.014277100563049316,4.831298828125,3395.880615234375,80.39149475097656,8.768241882324219,89.15978240966797,224.31640625,0.9004396796226501,0.31013375520706177,0.143699511885643,0.024667242541909218,0.3444247245788574,1.0,0.9895204305648804,0.9895204305648804,0.9895204305648804,0.0
24.27291488647461,32.779998779296875,1000.0,38.0,0.9811103940010071,0.0002822386450134218,10.0,0.9994421601295471,0.9994421601295471,0.9994421601295471,0.00039443830610252917,0.0,0.6613661050796509,780000.0,-0.011078733019530773,0.003194754011929035,5.054473728449693e-09,0.019697459414601326,-0.002727767452597618,2.345135450363159,0.7624416947364807,-0.24631816148757935,4.814104080200195,3484.839111328125,80.35831451416016,8.573860168457031,88.9322280883789,224.89036560058594,1.1457072496414185,0.3143607974052429,0.11488418281078339,0.015236400999128819,0.27438145875930786,1.0,1.0086299180984497,1.0086299180984497,1.0086299180984497,0.0
24.328269958496094,35.439998626708984,1000.0,39.0,0.9726443886756897,0.0002679880417417735,10.0,0.9989547729492188,0.9989547729492188,0.9989547729492188,0.0007391152321361005,0.0,0.6560534834861755,800000.0,-0.013158758170902729,-0.002080025151371956,2.7656554824062596e-09,0.021227587014436722,0.0015301275998353958,2.398045063018799,0.8986356854438782,0.13619399070739746,4.631015777587891,3573.642822265625,80.16236877441406,8.615856170654297,88.77827453613281,225.28036499023438,0.9475266337394714,0.32152196764945984,0.12035524845123291,0.02227649837732315,0.33932769298553467,1.0,1.027071237564087,1.027071237564087,1.027071237564087,0.0
24.5320987701416,37.040000915527344,1000.0,40.0,0.9776341915130615,0.00029161639395169914,10.0,1.0009533166885376,1.0009533166885376,1.0009533166885376,0.0006741248071193695,0.0,0.6602709889411926,820000.0,-0.014133003540337086,-0.0009742453694343567,1.19209286886246e-09,0.022496134042739868,0.0012685470283031464,2.376239061355591,0.9644946455955505,0.06585896015167236,4.499002933502197,3663.839111328125,81.43843078613281,8.733485221862793,90.17196655273438,221.79844665527344,0.9296743273735046,0.3033801019191742,0.17096661031246185,0.023140255361795425,0.32632946968078613,1.0,1.0450718402862549,1.0450718402862549,1.0450718402862549,0.0
24.604955673217773,43.79999923706055,1000.0,41.0,0.9754102230072021,0.00028196306084282696,10.0,0.9993847012519836,0.9993847012519836,0.9993847012519836,0.00043503977940417826,0.0,0.6600963473320007,840000.0,-0.01462328340858221,-0.0004902798682451248,4.768371461572052e-11,0.02291819639503956,0.00042206235229969025,2.3885698318481445,1.0440798997879028,0.0795852541923523,4.911309719085693,3754.169189453125,81.49302673339844,8.811976432800293,90.3050537109375,221.47157287597656,0.8889736533164978,0.30643370747566223,0.15475213527679443,0.025307662785053253,0.3447050452232361,1.0,1.0633465051651,1.0633465051651,1.0633465051651,0.0
24.79226303100586,45.7599983215332,1000.0,42.0,0.9652931094169617,0.00029744370840489864,10.0,1.000186562538147,1.000186562538147,1.000186562538147,0.00013200398825574666,0.0,0.653676450252533,860000.0,-0.013292151503264904,0.0013311319053173065,3.8146971692576415e-10,0.022895440459251404,-2.2755935788154602e-05,2.3846395015716553,0.8904826641082764,-0.15359723567962646,4.739699840545654,3843.728515625,80.58888244628906,8.942764282226562,89.53170013427734,223.38458251953125,0.9597682952880859,0.3045702874660492,0.14681147038936615,0.021711859852075577,0.3173373341560364,1.0,1.0820719003677368,1.0820719003677368,1.0820719003677368,0.0
24.8223934173584,36.540000915527344,1000.0,43.0,0.959233283996582,0.0002955080708488822,10.0,0.9984957575798035,0.9984957575798035,0.9984957575798035,0.0010636459337547421,0.0,0.6483584642410278,880000.0,-0.012748251669108868,0.0005438998341560364,-2.479553229406406e-09,0.023473292589187622,0.0005778521299362183,2.3985676765441895,0.8973662853240967,0.0068836212158203125,4.570131301879883,3933.775390625,81.05255126953125,8.968679428100586,90.02129364013672,222.169677734375,1.0194177627563477,0.31220388412475586,0.12614628672599792,0.01924533024430275,0.306257039308548,1.0,1.1003015041351318,1.1003015041351318,1.1003015041351318,0.0
24.471406936645508,36.68000030517578,1000.0,44.0,0.9591217041015625,0.0002908256137743592,10.0,0.9995186924934387,0.9995186924934387,0.9995186924934387,0.0003402936563361436,0.0,0.6484841704368591,900000.0,-0.013396049849689007,-0.0006477981805801392,3.051757735406113e-09,0.021203484386205673,-0.002269808202981949,2.445258140563965,0.9365150332450867,0.03914874792098999,4.7740631103515625,4023.01953125,80.3116683959961,8.90694808959961,89.21865844726562,224.16836547851562,1.0029677152633667,0.3118736147880554,0.14266520738601685,0.01988181099295616,0.31095078587532043,1.0,1.1181039810180664,1.1181039810180664,1.1181039810180664,0.0
24.20257568359375,30.299999237060547,1000.0,45.0,0.9508854746818542,0.0002761220093816519,10.0,0.9997890591621399,0.9997890591621399,0.9997890591621399,0.0001491155562689528,0.0,0.6443929076194763,920000.0,-0.010763284750282764,0.0026327650994062424,1.907348723406699e-09,0.0207862239331007,-0.00041726045310497284,2.376573324203491,0.6901812553405762,-0.2463337779045105,4.339038848876953,4111.4892578125,79.78370666503906,8.661503791809082,88.44525909423828,226.12860107421875,1.2046982049942017,0.3184318542480469,0.11235735565423965,0.013780757784843445,0.26432493329048157,1.0,1.1348594427108765,1.1348594427108765,1.1348594427108765,0.0
24.0079288482666,32.939998626708984,1000.0,46.0,0.9513726234436035,0.00028574405587278306,10.0,0.9994048476219177,0.9994048476219177,0.9994048476219177,0.00042085032328031957,0.0,0.6468634605407715,940000.0,-0.014147435314953327,-0.0033841505646705627,2.3841859042583735e-10,0.023936131969094276,0.003149908035993576,2.410599946975708,0.9049240946769714,0.21474283933639526,4.155765056610107,4199.10693359375,78.68341064453125,8.901719093322754,87.5851821899414,228.3491668701172,0.9526508450508118,0.31520363688468933,0.126523956656456,0.022037498652935028,0.33087000250816345,1.0,1.15094792842865,1.15094792842865,1.15094792842865,0.0
24.280986785888672,42.65999984741211,1000.0,47.0,0.9505652785301208,0.00033169862581416965,10.0,0.9999662041664124,0.9999662041664124,0.9999662041664124,2.3883221729192883e-05,0.0,0.6452910900115967,960000.0,-0.01605927012860775,-0.0019118348136544228,-4.386901952813105e-09,0.022262610495090485,-0.0016735214740037918,2.4296772480010986,1.0318468809127808,0.12692278623580933,4.6769561767578125,4286.14501953125,78.33358001708984,8.678107261657715,87.01173400878906,229.8540802001953,0.8106127977371216,0.2833326458930969,0.18252401053905487,0.030437080189585686,0.349528968334198,1.0,1.1674612760543823,1.1674612760543823,1.1674612760543823,0.0
23.66989517211914,43.720001220703125,1000.0,48.0,0.9454805254936218,0.0003090313693974167,10.0,1.0004218816757202,1.0004218816757202,1.0004218816757202,0.000298343482427299,0.0,0.6410323977470398,980000.0,-0.014124731533229351,0.001934538595378399,-7.2479249269008506e-09,0.025012504309415817,0.0027498938143253326,2.3755264282226562,0.8847707509994507,-0.14707612991333008,4.765383243560791,4373.201171875,78.30644989013672,8.722145080566406,87.02864074707031,229.80941772460938,0.9243816137313843,0.3042523264884949,0.1610409915447235,0.023406002670526505,0.32914143800735474,1.0,1.184480905532837,1.184480905532837,1.184480905532837,0.0
24.23053741455078,35.84000015258789,1000.0,49.0,0.9319005012512207,0.0003181161009706557,10.0,1.0004116296768188,1.0004116296768188,1.0004116296768188,0.00029115044162608683,0.0,0.6322407722473145,1000000.0,-0.014001987874507904,0.000122743658721447,-1.688003514743741e-08,0.02145955339074135,-0.003552950918674469,2.4756081104278564,0.9212045669555664,0.03643381595611572,4.608334541320801,4460.47314453125,78.43286895751953,8.812164306640625,87.24508666992188,229.2393035888672,0.9205508232116699,0.30623361468315125,0.1548873484134674,0.02360120788216591,0.3326634168624878,1.0,1.201135516166687,1.201135516166687,1.201135516166687,0.0
25.115554809570312,37.099998474121094,1000.0,50.0,0.9217583537101746,0.0002650791429914534,10.0,0.9999704360961914,0.9999704360961914,0.9999704360961914,2.0904837583657354e-05,0.0,0.6257023215293884,1020000.0,-0.013916589319705963,8.539855480194092e-05,-7.724762163263676e-09,0.02017461135983467,-0.0012849420309066772,2.485140323638916,0.8388020992279053,-0.08240246772766113,4.524954319000244,4547.94287109375,78.5224380493164,8.92204475402832,87.44452667236328,228.71644592285156,0.9047412872314453,0.32232189178466797,0.13498015701770782,0.024433236569166183,0.35625866055488586,1.0,1.217603325843811,1.217603325843811,1.217603325843811,0.0
24.9304256439209,36.41999816894531,1000.0,51.0,0.9236604571342468,0.00027968757785856724,10.0,0.999639093875885,0.999639093875885,0.999639093875885,0.00025518512120470405,0.0,0.6280601620674133,1040000.0,-0.013574361801147461,0.0003422275185585022,-4.1961669694501325e-09,0.02069305069744587,0.0005184393376111984,2.5069777965545654,0.9530331492424011,0.11423105001449585,4.750938415527344,4635.7685546875,79.0284194946289,8.772802352905273,87.80130004882812,227.78707885742188,0.960362434387207,0.3157476484775543,0.15521004796028137,0.021685002371668816,0.3287796378135681,1.0,1.2338364124298096,1.2338364124298096,1.2338364124298096,0.0
24.779661178588867,36.720001220703125,1000.0,52.0,0.92462557554245,0.0003021953161805868,10.0,0.9995784759521484,0.9995784759521484,0.9995784759521484,0.00029809059924446046,0.0,0.6301407814025879,1060000.0,-0.015149745158851147,-0.0015753833577036858,6.38961772381208e-09,0.020365918055176735,-0.0003271326422691345,2.4665627479553223,1.0022640228271484,0.049230873584747314,4.476941108703613,4724.953125,80.4836654663086,8.676483154296875,89.16019439697266,224.31536865234375,0.868332028388977,0.30332350730895996,0.13948515057563782,0.026525169610977173,0.3493173122406006,1.0,1.249897837638855,1.249897837638855,1.249897837638855,0.0
24.002580642700195,38.5,1000.0,53.0,0.9227502346038818,0.0002733003057073802,10.0,0.9990070462226868,0.9990070462226868,0.9990070462226868,0.000702138408087194,0.0,0.6300637722015381,1080000.0,-0.014830420725047588,0.00031932443380355835,-4.1961669694501325e-09,0.02364518493413925,0.003279266878962517,2.4183218479156494,0.9039040803909302,-0.09835994243621826,4.1687397956848145,4813.63525390625,80.00472259521484,8.653011322021484,88.65778350830078,225.58653259277344,0.8767017722129822,0.31772783398628235,0.17579245567321777,0.026021122932434082,0.3624126613140106,1.0,1.2660090923309326,1.2660090923309326,1.2660090923309326,0.0
23.679048538208008,39.63999938964844,1000.0,54.0,0.9190790057182312,0.00030167377553880215,10.0,1.000362753868103,1.000362753868103,1.000362753868103,0.00025653382181189954,0.0,0.6275599598884583,1100000.0,-0.014768891036510468,6.152968853712082e-05,-1.3351439953623867e-09,0.023597024381160736,-4.8160552978515625e-05,2.43477725982666,0.9008196592330933,-0.003084421157836914,4.594299793243408,4902.7744140625,80.32935333251953,8.784340858459473,89.11373901367188,224.4322967529297,0.906358540058136,0.3031463027000427,0.18076790869235992,0.02434612065553665,0.33446618914604187,1.0,1.2823013067245483,1.2823013067245483,1.2823013067245483,0.0
24.158483505249023,36.099998474121094,1000.0,55.0,0.9123393893241882,0.00028245983412489295,10.0,0.999841034412384,0.999841034412384,0.999841034412384,0.00011241970059927553,0.0,0.6227139234542847,1120000.0,-0.013202175498008728,0.0015667155385017395,2.479553229406406e-09,0.022454967722296715,-0.0011420566588640213,2.422874689102173,0.8163442015647888,-0.08447545766830444,4.499938488006592,4991.24951171875,79.76854705810547,8.68001937866211,88.44862365722656,226.1199951171875,0.9807265400886536,0.31514662504196167,0.1296960711479187,0.02079380303621292,0.32133984565734863,1.0,1.2983702421188354,1.2983702421188354,1.2983702421188354,0.0
24.572202682495117,36.84000015258789,1000.0,56.0,0.9111949801445007,0.00025848165387287736,10.0,0.9998399615287781,0.9998399615287781,0.9998399615287781,0.00011320644989609718,0.0,0.6221921443939209,1140000.0,-0.013286725617945194,-8.455011993646622e-05,5.435943695175638e-09,0.023861147463321686,0.001406179741024971,2.4905102252960205,0.8535538911819458,0.03720968961715698,4.427265644073486,5080.39306640625,80.29496002197266,8.823578834533691,89.11859130859375,224.4200897216797,0.9915947914123535,0.3275166451931,0.14025479555130005,0.020340487360954285,0.3302927315235138,1.0,1.3143287897109985,1.3143287897109985,1.3143287897109985,0.0
24.948768615722656,38.0,1000.0,57.0,0.9140686988830566,0.0002764532109722495,10.0,0.9993031620979309,0.9993031620979309,0.9993031620979309,0.0004927528789266944,0.0,0.6251270771026611,1160000.0,-0.016239630058407784,-0.0029529044404625893,1.3351439953623867e-09,0.020800475031137466,-0.0030606724321842194,2.4803316593170166,0.9775669574737549,0.12401306629180908,4.560966968536377,5168.6484375,79.33163452148438,8.899438858032227,88.23113250732422,226.67738342285156,0.7916411757469177,0.31762582063674927,0.1794026792049408,0.0319133996963501,0.4012245833873749,1.0,1.3303279876708984,1.3303279876708984,1.3303279876708984,0.0
25.094667434692383,38.720001220703125,1000.0,58.0,0.9127292633056641,0.00028291973285377026,10.0,1.0006927251815796,1.0006927251815796,1.0006927251815796,0.000489746336825192,0.0,0.6255199909210205,1180000.0,-0.015918254852294922,0.00032137520611286163,3.7193297330873065e-09,0.022526530548930168,0.0017260555177927017,2.4475083351135254,0.8950352668762207,-0.08253169059753418,4.333192825317383,5256.57373046875,78.96073150634766,8.939627647399902,87.90040588378906,227.53025817871094,0.848120391368866,0.31611549854278564,0.15208567678928375,0.027804486453533173,0.3727246820926666,1.0,1.346455454826355,1.346455454826355,1.346455454826355,0.0
24.71857452392578,40.119998931884766,1000.0,59.0,0.9114393591880798,0.0002796053886413574,10.0,1.000218391418457,1.000218391418457,1.000218391418457,0.00015436987450812012,0.0,0.6263643503189087,1200000.0,-0.01637297123670578,-0.00045471638441085815,-6.580352707175052e-09,0.022119028493762016,-0.00040750205516815186,2.3905627727508545,0.8916594386100769,-0.003375828266143799,4.8053879737854,5344.44775390625,79.189697265625,8.659213066101074,87.84896087646484,227.6634979248047,0.777411699295044,0.3088296353816986,0.18092846870422363,0.03309235721826553,0.3972536027431488,1.0,1.362869143486023,1.362869143486023,1.362869143486023,0.0
24.9552059173584,41.97999954223633,1000.0,60.0,0.9052044749259949,0.000270089105470106,10.0,1.0001827478408813,1.0001827478408813,1.0001827478408813,0.00012925034388899803,0.0,0.6253512501716614,1220000.0,-0.016693279147148132,-0.0003203079104423523,1.3351439953623867e-09,0.022157879546284676,3.88510525226593e-05,2.465837240219116,0.9026727080345154,0.011013269424438477,4.658382415771484,5432.93701171875,79.60557556152344,8.85702896118164,88.46265411376953,226.08412170410156,0.7694071531295776,0.3205469846725464,0.17290693521499634,0.033784493803977966,0.41661548614501953,1.0,1.3797651529312134,1.3797651529312134,1.3797651529312134,0.0
24.99565887451172,45.41999816894531,1000.0,61.0,0.9029449820518494,0.00025772969820536673,10.0,1.0003938674926758,1.0003938674926758,1.0003938674926758,0.00027845019940286875,0.0,0.6251174807548523,1240000.0,-0.016176065430045128,0.0005172137171030045,-6.532669072356612e-09,0.022525601089000702,0.0003677215427160263,2.4622204303741455,0.9852677583694458,0.08259505033493042,4.9513068199157715,5521.19677734375,79.52029418945312,8.714592933654785,88.23493957519531,226.6676025390625,0.78924161195755,0.31868332624435425,0.15832382440567017,0.03210775554180145,0.4037841856479645,1.0,1.3975006341934204,1.3975006341934204,1.3975006341934204,0.0
25.235549926757812,45.31999969482422,1000.0,62.0,0.9066813588142395,0.00026761379558593035,10.0,0.9998413920402527,0.9998413920402527,0.9998413920402527,0.000112138717668131,0.0,0.6281075477600098,1260000.0,-0.019157806411385536,-0.0029817409813404083,-3.2424927187690855e-09,0.021661505103111267,-0.0008640959858894348,2.472975254058838,1.0413684844970703,0.05610072612762451,4.729527950286865,5608.822265625,79.07394409179688,8.527280807495117,87.60127258300781,228.3072052001953,0.6888721585273743,0.3229736089706421,0.17045414447784424,0.042145632207393646,0.46884405612945557,1.0,1.4159919023513794,1.4159919023513794,1.4159919023513794,0.0
25.061416625976562,47.119998931884766,1000.0,63.0,0.9045680165290833,0.0002955936943180859,10.0,0.9992281794548035,0.9992281794548035,0.9992281794548035,0.000545801711268723,0.0,0.6275131702423096,1280000.0,-0.018279828131198883,0.0008779782801866531,2.6702879907247734e-09,0.025082534179091454,0.0034210290759801865,2.5070927143096924,1.0367509126663208,-0.004617571830749512,5.376369953155518,5696.55517578125,78.84718322753906,8.859729766845703,87.7070083618164,228.031982421875,0.7102847695350647,0.30542582273483276,0.2230449914932251,0.03964284807443619,0.43000468611717224,1.0,1.4353792667388916,1.4353792667388916,1.4353792667388916,0.0
25.210044860839844,38.400001525878906,1000.0,64.0,0.9012042880058289,0.0002982172882184386,10.0,1.000548243522644,1.000548243522644,1.000548243522644,0.00038763860356993973,0.0,0.624973714351654,1300000.0,-0.014796446077525616,0.0034833820536732674,-5.435943695175638e-09,0.02355376072227955,-0.001528773456811905,2.489809989929199,0.9169222712516785,-0.11982864141464233,4.930885314941406,5784.404296875,79.10197448730469,8.72286605834961,87.82488250732422,227.72592163085938,0.8825598955154419,0.3035965859889984,0.17693863809108734,0.02567683346569538,0.34399542212486267,1.0,1.454576015472412,1.454576015472412,1.454576015472412,0.0
25.098539352416992,38.900001525878906,1000.0,65.0,0.9003942608833313,0.0002490762562956661,10.0,1.0008703470230103,1.0008703470230103,1.0008703470230103,0.0006155125447548926,0.0,0.6238805055618286,1320000.0,-0.015914464369416237,-0.0011180182918906212,1.7166137400437265e-09,0.022823946550488472,-0.0007298141717910767,2.4673850536346436,0.8940035700798035,-0.022918701171875,4.980435371398926,5872.37109375,79.34550476074219,8.597312927246094,87.94286346435547,227.42041015625,0.8306916952133179,0.3323485851287842,0.13066601753234863,0.028983451426029205,0.40008655190467834,1.0,1.4736673831939697,1.4736673831939697,1.4736673831939697,0.0
24.726795196533203,38.119998931884766,1000.0,66.0,0.8958026766777039,0.0002797760535031557,10.0,1.0001245737075806,1.0001245737075806,1.0001245737075806,8.805882680462673e-05,0.0,0.6206873059272766,1340000.0,-0.016029799357056618,-0.00011533498764038086,9.536742923144104e-11,0.02495429664850235,0.002130350098013878,2.432633638381958,0.932325541973114,0.03832197189331055,4.7782673835754395,5960.22802734375,78.90211486816406,8.93087387084961,87.83303833007812,227.70477294921875,0.7974516153335571,0.315411239862442,0.15347398817539215,0.03145003691315651,0.39552396535873413,1.0,1.4925787448883057,1.4925787448883057,1.4925787448883057,0.0
24.753623962402344,35.939998626708984,1000.0,67.0,0.893197238445282,0.0002664883795659989,10.0,1.000872015953064,1.000872015953064,1.000872015953064,0.0006165803060866892,0.0,0.619468092918396,1360000.0,-0.0158297847956419,0.00020001456141471863,2.38418573772492e-09,0.02214435674250126,-0.002809939906001091,2.4840922355651855,0.9292827248573303,-0.0030428171157836914,4.764988899230957,6048.3857421875,79.40121459960938,8.73202896118164,88.13329315185547,226.9290313720703,0.8233164548873901,0.3198046088218689,0.16201849281787872,0.029505044221878052,0.3884345293045044,1.0,1.5110728740692139,1.5110728740692139,1.5110728740692139,0.0
24.891511917114258,37.540000915527344,1000.0,68.0,0.8918865323066711,0.00029324961360543966,10.0,0.9993332028388977,0.9993332028388977,0.9993332028388977,0.00047145463759079576,0.0,0.6175452470779419,1380000.0,-0.018338695168495178,-0.002508910372853279,-1.5258788677030566e-09,0.020086202770471573,-0.002058153972029686,2.4739325046539307,0.9287377595901489,-0.0005449652671813965,4.5330119132995605,6136.89404296875,79.44996643066406,9.033276557922363,88.4832992553711,226.0313720703125,0.7121149897575378,0.3051208555698395,0.21301938593387604,0.03943933919072151,0.42847129702568054,1.0,1.5293900966644287,1.5293900966644287,1.5293900966644287,0.0
24.80162811279297,34.279998779296875,1000.0,69.0,0.8925270438194275,0.00028056540759280324,10.0,1.0010595321655273,1.0010595321655273,1.0010595321655273,0.0007492023869417608,0.0,0.6157740354537964,1400000.0,-0.014138951897621155,0.0041997432708740234,5.722046170220096e-10,0.02028510719537735,0.00019890442490577698,2.4944002628326416,0.8818742036819458,-0.046863555908203125,4.554516315460205,6224.9482421875,79.21533203125,8.813262939453125,88.0286636352539,227.1988067626953,0.9156075716018677,0.3147313892841339,0.14271506667137146,0.023856740444898605,0.3437404930591583,1.0,1.547155737876892,1.547155737876892,1.547155737876892,0.0
24.39269256591797,38.29999923706055,1000.0,70.0,0.8875207901000977,0.00028990168357267976,10.0,0.999869167804718,0.999869167804718,0.999869167804718,9.249828144675121e-05,0.0,0.6118411421775818,1420000.0,-0.016537457704544067,-0.0023985058069229126,6.866454960174906e-09,0.02141120657324791,0.0011260993778705597,2.4711015224456787,0.9306401014328003,0.04876589775085449,4.3424224853515625,6313.478515625,79.7913818359375,8.713418960571289,88.5048599243164,225.976318359375,0.7791562080383301,0.3129504323005676,0.16732122004032135,0.03294433653354645,0.4016529619693756,1.0,1.5649231672286987,1.5649231672286987,1.5649231672286987,0.0
24.334861755371094,40.5,1000.0,71.0,0.8841695785522461,0.0002816947817336768,10.0,1.0005251169204712,1.0005251169204712,1.0005251169204712,0.00037134179729036987,0.0,0.6096490025520325,1440000.0,-0.016705548390746117,-0.00016809068620204926,-7.629394893626795e-09,0.020558258518576622,-0.0008529480546712875,2.471104621887207,0.993217408657074,0.06257730722427368,4.5953826904296875,6401.90283203125,79.27117156982422,9.125060081481934,88.39628601074219,226.25387573242188,0.7880897521972656,0.3171546757221222,0.17056016623973846,0.032201677560806274,0.40243473649024963,1.0,1.5829699039459229,1.5829699039459229,1.5829699039459229,0.0
24.569429397583008,40.720001220703125,1000.0,72.0,0.8848645091056824,0.00026759758475236595,10.0,1.0002250671386719,1.0002250671386719,1.0002250671386719,0.00015909032663330436,0.0,0.6116051077842712,1460000.0,-0.014976372011005878,0.0017291763797402382,-1.7166137400437265e-09,0.021622614935040474,0.001064356416463852,2.4732000827789307,0.8495018482208252,-0.14371556043624878,4.4746880531311035,6491.6357421875,80.75724029541016,8.951366424560547,89.70865631103516,222.94395446777344,0.8502527475357056,0.31684213876724243,0.16069531440734863,0.027665195986628532,0.37264469265937805,1.0,1.6013046503067017,1.6013046503067017,1.6013046503067017,0.0
24.73624038696289,39.18000030517578,1000.0,73.0,0.8942295908927917,0.0002821151865646243,10.0,1.00155508518219,1.00155508518219,1.00155508518219,0.0010996394557878375,0.0,0.6189088225364685,1480000.0,-0.017329875379800797,-0.002353503368794918,-2.6702879907247734e-09,0.021944906562566757,0.00032229162752628326,2.448450803756714,0.8757561445236206,0.02625429630279541,4.384472846984863,6580.84130859375,80.10578155517578,9.074514389038086,89.18037414550781,224.26467895507812,0.7860187888145447,0.3125208616256714,0.18244823813438416,0.03237158805131912,0.3975997567176819,1.0,1.6197174787521362,1.6197174787521362,1.6197174787521362,0.0
24.817527770996094,36.5,1000.0,74.0,0.9049748778343201,0.00026233342941850424,10.0,0.9991456866264343,0.9991456866264343,0.9991456866264343,0.0006040767766535282,0.0,0.625478982925415,1500000.0,-0.015839969739317894,0.0014899056404829025,-2.574920721087892e-09,0.020500557497143745,-0.0014443490654230118,2.486335039138794,0.8615120053291321,-0.014244139194488525,4.486643314361572,6667.9375,78.40162658691406,8.669093132019043,87.07077026367188,229.6982421875,0.823824942111969,0.31769686937332153,0.15198417007923126,0.029468629509210587,0.3856363594532013,1.0,1.6378735303878784,1.6378735303878784,1.6378735303878784,0.0
24.277427673339844,37.720001220703125,1000.0,75.0,0.91079181432724,0.00027699331985786557,10.0,1.0007089376449585,1.0007089376449585,1.0007089376449585,0.0005013226764276624,0.0,0.6291705965995789,1520000.0,-0.01730959676206112,-0.001469627022743225,-1.19209286886246e-09,0.0225864015519619,0.0020858440548181534,2.425250768661499,0.9710206389427185,0.10950863361358643,4.431267738342285,6755.2587890625,78.39205169677734,8.90444278717041,87.29653930664062,229.1041717529297,0.7324036359786987,0.3147326707839966,0.18714956939220428,0.037284545600414276,0.4297255575656891,1.0,1.6559580564498901,1.6559580564498901,1.6559580564498901,0.0
24.390100479125977,36.7599983215332,1000.0,76.0,0.9096929430961609,0.0002796589396893978,10.0,1.0002988576889038,1.0002988576889038,1.0002988576889038,0.0002113523951265961,0.0,0.6282859444618225,1540000.0,-0.01632043719291687,0.000989159569144249,8.77380390562621e-09,0.023595403879880905,0.0010090023279190063,2.454448938369751,0.7888877391815186,-0.18213289976119995,4.109877109527588,6842.97998046875,78.78440856933594,8.91264820098877,87.69710540771484,228.05772399902344,0.776707649230957,0.31314852833747864,0.17193712294101715,0.03315237909555435,0.40317413210868835,1.0,1.6738635301589966,1.6738635301589966,1.6738635301589966,0.0
24.57439422607422,34.36000061035156,1000.0,77.0,0.9101431965827942,0.0002631444076541811,10.0,1.0004056692123413,1.0004056692123413,1.0004056692123413,0.00028687954181805253,0.0,0.628659725189209,1560000.0,-0.016021842136979103,0.00029859505593776703,3.051757735406113e-09,0.023648228496313095,5.282461643218994e-05,2.465214967727661,0.8454244136810303,0.05653667449951172,4.042304515838623,6930.43994140625,78.55310821533203,8.881270408630371,87.43443298339844,228.7428741455078,0.8006961941719055,0.32401400804519653,0.15260225534439087,0.03119567036628723,0.40466535091400146,1.0,1.6913063526153564,1.6913063526153564,1.6913063526153564,0.0
23.753372192382812,37.599998474121094,1000.0,78.0,0.9123092293739319,0.00028236256912350655,10.0,1.0012835264205933,1.0012835264205933,1.0012835264205933,0.0009075621492229402,0.0,0.6290656328201294,1580000.0,-0.01861904002726078,-0.0025971978902816772,5.054473728449693e-09,0.022342907264828682,-0.0013053212314844131,2.390524387359619,0.95535808801651,0.10993367433547974,4.51664400100708,7017.86083984375,78.45130157470703,8.942147254943848,87.39350891113281,228.8499755859375,0.7040347456932068,0.3169245719909668,0.18585212528705597,0.04034982994198799,0.4501546323299408,1.0,1.7087538242340088,1.7087538242340088,1.7087538242340088,0.0
23.707599639892578,37.63999938964844,1000.0,79.0,0.9144361615180969,0.00023880013031885028,10.0,1.0005741119384766,1.0005741119384766,1.0005741119384766,0.00040601464570499957,0.0,0.6297405362129211,1600000.0,-0.016017472371459007,0.002601567655801773,-4.482269222449986e-09,0.024610916152596474,0.0022680088877677917,2.4695208072662354,0.9021199941635132,-0.053238093852996826,4.365135192871094,7104.9931640625,78.22270202636719,8.87851619720459,87.10127258300781,229.6177978515625,0.8333364129066467,0.3340609669685364,0.14341391623020172,0.02879977971315384,0.40087172389030457,1.0,1.7262178659439087,1.7262178659439087,1.7262178659439087,0.0
24.243894577026367,41.720001220703125,1000.0,80.0,0.9128288626670837,0.0002648827212397009,10.0,1.0007292032241821,1.0007292032241821,1.0007292032241821,0.0005156526458449662,0.0,0.6286785006523132,1620000.0,-0.016912249848246574,-0.0008947774767875671,-2.1934509764065524e-09,0.01952141523361206,-0.005089500918984413,2.4655110836029053,1.0565425157546997,0.15442252159118652,4.512228965759277,7192.15673828125,78.35958099365234,8.779009819030762,87.13864135742188,229.5193328857422,0.7651855945587158,0.3215847611427307,0.18253691494464874,0.03415830433368683,0.42027026414871216,1.0,1.7442296743392944,1.7442296743392944,1.7442296743392944,0.0
24.217172622680664,42.86000061035156,1000.0,81.0,0.9106801152229309,0.00029493359033949673,10.0,1.0002989768981934,1.0002989768981934,1.0002989768981934,0.00021140859462320805,0.0,0.6274206638336182,1640000.0,-0.01833607442677021,-0.0014238245785236359,4.673004205812958e-09,0.02139543741941452,0.0018740221858024597,2.415071964263916,1.0316733121871948,-0.024869203567504883,4.643965721130371,7280.20458984375,79.1512680053711,8.870872497558594,88.02220916748047,227.2154541015625,0.7151099443435669,0.30685940384864807,0.19993314146995544,0.03910967335104942,0.4291081726551056,1.0,1.7628897428512573,1.7628897428512573,1.7628897428512573,0.0
23.76580810546875,44.400001525878906,1000.0,82.0,0.9018996357917786,0.0002678574819583446,10.0,0.999576985836029,0.999576985836029,0.999576985836029,0.00029913021717220545,0.0,0.622212290763855,1660000.0,-0.01776672527194023,0.0005693491548299789,2.8610229740877458e-09,0.024568339809775352,0.003172902390360832,2.4339306354522705,1.0273940563201904,-0.0042792558670043945,4.765839576721191,7368.005859375,78.84516143798828,8.930870056152344,87.77608489990234,227.85252380371094,0.712395429611206,0.3242737650871277,0.1779753714799881,0.03940828889608383,0.45518794655799866,1.0,1.7823389768600464,1.7823389768600464,1.7823389768600464,0.0
24.375131607055664,35.959999084472656,1000.0,83.0,0.9008285403251648,0.00029320205794647336,10.0,1.0001643896102905,1.0001643896102905,1.0001643896102905,0.00011621291196206585,0.0,0.6218847632408142,1680000.0,-0.017536891624331474,0.00022983364760875702,3.7193297330873065e-09,0.022080017253756523,-0.0024883225560188293,2.4491031169891357,0.7884089946746826,-0.2389850616455078,4.452747821807861,7455.474609375,78.4763412475586,8.967105865478516,87.4435043334961,228.71913146972656,0.7437359690666199,0.3039903938770294,0.18366415798664093,0.036156993359327316,0.40873438119888306,1.0,1.801414132118225,1.801414132118225,1.801414132118225,0.0
23.804672241210938,28.059999465942383,1000.0,84.0,0.9014995694160461,0.0002457505324855447,10.0,0.9994447827339172,0.9994447827339172,0.9994447827339172,0.0003925557539332658,0.0,0.6226050853729248,1700000.0,-0.014402641914784908,0.003134249709546566,-1.1444092340440193e-09,0.023863203823566437,0.0017831865698099136,2.3680667877197266,0.7709285020828247,-0.01748049259185791,4.517993927001953,7544.298828125,79.93488311767578,8.863438606262207,88.79837036132812,225.22938537597656,0.8989665508270264,0.3349751830101013,0.12179802358150482,0.024748148396611214,0.37262246012687683,1.0,1.8191022872924805,1.8191022872924805,1.8191022872924805,0.0
23.345487594604492,28.799999237060547,1000.0,85.0,0.9045965671539307,0.0002667577937245369,10.0,0.9987607002258301,0.9987607002258301,0.9987607002258301,0.0008762891520746052,0.0,0.624095618724823,1720000.0,-0.01723753660917282,-0.0028348946943879128,6.008148201175345e-09,0.0273131113499403,0.0034499075263738632,2.3778116703033447,0.8767117857933044,0.10578328371047974,4.138607025146484,7631.3642578125,78.31080627441406,8.729196548461914,87.04005432128906,229.779296875,0.7595832347869873,0.31845250725746155,0.15511693060398102,0.034664034843444824,0.4192464053630829,1.0,1.8356363773345947,1.8356363773345947,1.8356363773345947,0.0
23.8505916595459,37.15999984741211,1000.0,86.0,0.9019082188606262,0.00027366308495402336,10.0,0.9987621307373047,0.9987621307373047,0.9987621307373047,0.0008753337897360325,0.0,0.6204063296318054,1740000.0,-0.01931936852633953,-0.00208183191716671,1.6212463593845428e-09,0.023947767913341522,-0.0033653434365987778,2.3857617378234863,0.9747572541236877,0.0980454683303833,4.3690900802612305,7718.033203125,77.94937896728516,8.685712814331055,86.63516998291016,230.8531494140625,0.6599500775337219,0.32009100914001465,0.2038256675004959,0.045920610427856445,0.48502299189567566,1.0,1.8522573709487915,1.8522573709487915,1.8522573709487915,0.0
24.308130264282227,37.540000915527344,1000.0,87.0,0.8920486569404602,0.00024269810819532722,10.0,1.0001500844955444,1.0001500844955444,1.0001500844955444,0.00010604153794702142,0.0,0.6135947704315186,1760000.0,-0.016972750425338745,0.002346618101000786,8.869171175263091e-09,0.023124272003769875,-0.0008234959095716476,2.4148590564727783,0.874556839466095,-0.10020041465759277,4.271787166595459,7805.2060546875,78.32099151611328,8.821557998657227,87.1426010131836,229.50889587402344,0.7530562281608582,0.3375113904476166,0.14628566801548004,0.035267528146505356,0.4481889009475708,1.0,1.8690146207809448,1.8690146207809448,1.8690146207809448,0.0
24.666765213012695,36.380001068115234,1000.0,88.0,0.8808398246765137,0.0003002070588991046,10.0,1.0001249313354492,1.0001249313354492,1.0001249313354492,8.828363206703216e-05,0.0,0.6064026951789856,1780000.0,-0.01728949137032032,-0.000316740944981575,7.820129432900558e-09,0.02493501827120781,0.0018107462674379349,2.418546438217163,0.8608219027519226,-0.013734936714172363,4.109899044036865,7892.228515625,78.24710845947266,8.745464324951172,86.99261474609375,229.90460205078125,0.72536301612854,0.3052358329296112,0.19172585010528564,0.038011856377124786,0.4208042323589325,1.0,1.8857452869415283,1.8857452869415283,1.8857452869415283,0.0
24.248981475830078,34.2400016784668,1000.0,89.0,0.8831778168678284,0.00027798311202786863,10.0,0.9992000460624695,0.9992000460624695,0.9992000460624695,0.0005656388239003718,0.0,0.6073668003082275,1800000.0,-0.0184530820697546,-0.0011635906994342804,0.0,0.022218327969312668,-0.0027166903018951416,2.364581823348999,0.8416531085968018,-0.01916879415512085,4.007579326629639,7979.0849609375,78.14220428466797,8.689227104187012,86.83149719238281,230.33120727539062,0.7023048400878906,0.312694251537323,0.2182997763156891,0.04054884612560272,0.4452400803565979,1.0,1.9021668434143066,1.9021668434143066,1.9021668434143066,0.0
23.531034469604492,38.47999954223633,1000.0,90.0,0.8899363875389099,0.00025365999317727983,10.0,0.9996626973152161,0.9996626973152161,0.9996626973152161,0.00023852306185290217,0.0,0.6112209558486938,1820000.0,-0.019276296719908714,-0.0008232146501541138,5.340575981449547e-09,0.02168671227991581,-0.0005316156893968582,2.342623472213745,0.9360470771789551,0.09439396858215332,3.942821979522705,8067.0107421875,79.28353118896484,8.6184663772583,87.90204620361328,227.5260009765625,0.6814175248146057,0.3282497227191925,0.2289804220199585,0.04307281970977783,0.4817160665988922,1.0,1.9188934564590454,1.9188934564590454,1.9188934564590454,0.0
22.74346160888672,35.5,1000.0,91.0,0.8861279487609863,0.0002939624828286469,10.0,1.0002613067626953,1.0002613067626953,1.0002613067626953,0.00018471560906618834,0.0,0.6087223887443542,1840000.0,-0.017969422042369843,0.0013068746775388718,-8.106232129989621e-09,0.021998411044478416,0.0003116987645626068,2.3300960063934326,0.8533230423927307,-0.08272403478622437,4.071728706359863,8155.2529296875,79.10017395019531,9.115880966186523,88.21611022949219,226.7159881591797,0.7241628766059875,0.3119787871837616,0.19483117759227753,0.038137950003147125,0.4308129549026489,1.0,1.9354946613311768,1.9354946613311768,1.9354946613311768,0.0
23.2969970703125,37.560001373291016,1000.0,92.0,0.8827508091926575,0.00027497668634168804,10.0,1.0002588033676147,1.0002588033676147,1.0002588033676147,0.0001829735265346244,0.0,0.6055982708930969,1860000.0,-0.017817385494709015,0.00015203654766082764,-1.3732909920349812e-08,0.02332366816699505,0.001325257122516632,2.4018211364746094,0.8954975605010986,0.04217451810836792,4.198365211486816,8243.71484375,79.74681091308594,8.688615798950195,88.43550109863281,226.15354919433594,0.7091658711433411,0.3172042667865753,0.20741471648216248,0.039768036454916,0.4472920298576355,1.0,1.9522721767425537,1.9522721767425537,1.9522721767425537,0.0
24.333053588867188,42.41999816894531,1000.0,93.0,0.8842336535453796,0.00028907787054777145,10.0,1.000221848487854,1.000221848487854,1.000221848487854,0.00015695490583311766,0.0,0.6049433350563049,1880000.0,-0.020731842145323753,-0.0029144566506147385,-2.0980834847250662e-09,0.019979335367679596,-0.0033443327993154526,2.4298324584960938,0.953002393245697,0.05750483274459839,4.28053092956543,8331.685546875,78.96533203125,8.976414680480957,87.9417953491211,227.42315673828125,0.6153680682182312,0.3097406029701233,0.2080715447664261,0.052815329283475876,0.5033420324325562,1.0,1.969881296157837,1.969881296157837,1.969881296157837,0.0
23.934125900268555,39.08000183105469,1000.0,94.0,0.8863406181335449,0.0002369895373703912,10.0,1.0002508163452148,1.0002508163452148,1.0002508163452148,0.00017741014016792178,0.0,0.6046023964881897,1900000.0,-0.01731148548424244,0.003420356661081314,-2.7656554824062596e-09,0.020789094269275665,0.0008097589015960693,2.3425493240356445,0.7616600394248962,-0.19134235382080078,4.265336513519287,8419.6220703125,79.0235824584961,8.88764762878418,87.9112777709961,227.50210571289062,0.7391687631607056,0.33898842334747314,0.13710267841815948,0.03660518303513527,0.4586077630519867,1.0,1.9877899885177612,1.9877899885177612,1.9877899885177612,0.0
24.118797302246094,35.79999923706055,1000.0,95.0,0.8890483379364014,0.00027102732565253973,10.0,1.0014033317565918,1.0014033317565918,1.0014033317565918,0.0009923053439706564,0.0,0.6060428023338318,1920000.0,-0.01981258951127529,-0.002501104027032852,-3.433227480087453e-09,0.02180752530694008,0.0010184310376644135,2.409609079360962,0.9413536787033081,0.17969363927841187,4.354740619659424,8507.20703125,78.66497039794922,8.895113945007324,87.56012725830078,228.41448974609375,0.6663862466812134,0.31591442227363586,0.19936493039131165,0.04503786936402321,0.47407102584838867,1.0,2.005521059036255,2.005521059036255,2.005521059036255,0.0
24.74859619140625,36.5,1000.0,96.0,0.8968777656555176,0.0002659310994204134,10.0,1.0008586645126343,1.0008586645126343,1.0008586645126343,0.0006071393727324903,0.0,0.6106571555137634,1940000.0,-0.018391473218798637,0.001421116292476654,-2.956390465769232e-09,0.023564640432596207,0.001757115125656128,2.413175106048584,0.8327787518501282,-0.10857492685317993,4.182443618774414,8595.1318359375,78.89772033691406,9.001919746398926,87.89968872070312,227.53211975097656,0.7067884802818298,0.3202398121356964,0.1824960559606552,0.040036022663116455,0.45309144258499146,1.0,2.023195266723633,2.023195266723633,2.023195266723633,0.0
24.546241760253906,38.220001220703125,1000.0,97.0,0.8973503112792969,0.00027250961284153163,10.0,1.0005639791488647,1.0005639791488647,1.0005639791488647,0.00039870920591056347,0.0,0.6119837164878845,1960000.0,-0.01864667423069477,-0.0002552010118961334,4.911422823994371e-09,0.023012671619653702,-0.0005519688129425049,2.4079830646514893,0.8917363882064819,0.05895763635635376,3.925528049468994,8682.373046875,78.36561584472656,8.85049819946289,87.21617126464844,229.3153076171875,0.6686551570892334,0.315715491771698,0.2385132759809494,0.04473274201154709,0.47216489911079407,1.0,2.041064977645874,2.041064977645874,2.041064977645874,0.0
24.715049743652344,33.15999984741211,1000.0,98.0,0.8959760665893555,0.0002974019153043628,10.0,1.000177025794983,1.000177025794983,1.000177025794983,0.0001251480425707996,0.0,0.610996425151825,1980000.0,-0.01640099473297596,0.002245679497718811,3.7193297330873065e-09,0.0213482528924942,-0.0016644187271595001,2.431396007537842,0.8107107877731323,-0.08102560043334961,4.044435024261475,8769.7880859375,78.27613067626953,9.110685348510742,87.38687133789062,228.8673553466797,0.8026849031448364,0.3020801246166229,0.1964636743068695,0.031041283160448074,0.37633708119392395,1.0,2.058403730392456,2.058403730392456,2.058403730392456,0.0
24.105506896972656,38.439998626708984,1000.0,99.0,0.8894267678260803,0.00030290588620118797,10.0,0.9992185235023499,0.9992185235023499,0.9992185235023499,0.0005525732995010912,0.0,0.6074559092521667,2000000.0,-0.02016238495707512,-0.0037613902240991592,-7.820129432900558e-09,0.020877614617347717,-0.0004706382751464844,2.331416130065918,1.0288807153701782,0.2181699275970459,4.131917476654053,8856.80859375,78.2467041015625,8.748519897460938,86.99526977539062,229.89756774902344,0.6341867446899414,0.3110591471195221,0.19873586297035217,0.04972738027572632,0.4904851019382477,1.0,2.0760159492492676,2.0760159492492676,2.0760159492492676,0.0
23.868024826049805,39.279998779296875,1000.0,100.0,0.8871896862983704,0.00026131479535251856,10.0,0.9998526573181152,0.9998526573181152,0.9998526573181152,0.0001041870127664879,0.0,0.6069044470787048,2020000.0,-0.018706925213336945,0.0014554597437381744,8.726120270807769e-09,0.02313331514596939,0.0022557005286216736,2.4194562435150146,0.9450737833976746,-0.08380693197250366,4.186607837677002,8944.1435546875,78.60031127929688,8.709824562072754,87.31018829345703,229.068359375,0.6830658912658691,0.32338955998420715,0.20341016352176666,0.04286517947912216,0.4734383225440979,1.0,2.0940001010894775,2.0940001010894775,2.0940001010894775,0.0
23.826576232910156,41.70000076293945,1000.0,101.0,0.8867037892341614,0.0002873754419852048,10.0,0.9987010955810547,0.9987010955810547,0.9987010955810547,0.0009184922091662884,0.0,0.6058873534202576,2040000.0,-0.02068292163312435,-0.001975996419787407,-1.907348723406699e-09,0.023152003064751625,1.8687918782234192e-05,2.381293296813965,1.0662920475006104,0.12121826410293579,4.684839725494385,9032.3388671875,79.30900573730469,8.859781265258789,88.16883850097656,226.83753967285156,0.6453709602355957,0.31408587098121643,0.22188255190849304,0.048018768429756165,0.48667505383491516,1.0,2.1126673221588135,2.1126673221588135,2.1126673221588135,0.0
24.167985916137695,37.31999969482422,1000.0,102.0,0.8835579752922058,0.0002811777812894434,10.0,0.9999176859855652,0.9999176859855652,0.9999176859855652,5.824697291245684e-05,0.0,0.6034665703773499,2060000.0,-0.019790591672062874,0.0008923299610614777,1.4305114870438729e-09,0.022361276671290398,-0.0007907263934612274,2.3716397285461426,1.004704236984253,-0.06158781051635742,4.3677978515625,9120.208984375,78.88775634765625,8.958267211914062,87.8460693359375,227.67098999023438,0.6411460638046265,0.3138660788536072,0.1978650987148285,0.04865370690822601,0.48953908681869507,1.0,2.1313366889953613,2.1313366889953613,2.1313366889953613,0.0
23.475425720214844,40.15999984741211,1000.0,103.0,0.8886606097221375,0.0002703072677832097,10.0,1.0008326768875122,1.0008326768875122,1.0008326768875122,0.0005888195591978729,0.0,0.6058906316757202,2080000.0,-0.01992054469883442,-0.0001299530267715454,4.4345855876315454e-09,0.022092875093221664,-0.0002684015780687332,2.3515450954437256,1.077428936958313,0.07272469997406006,4.399435997009277,9207.572265625,78.66017150878906,8.678108215332031,87.33832550048828,228.9945526123047,0.6404960751533508,0.3149121403694153,0.24437348544597626,0.04875250905752182,0.49166902899742126,1.0,2.150418519973755,2.150418519973755,2.150418519973755,0.0
24.090864181518555,42.439998626708984,1000.0,104.0,0.8890202641487122,0.0002915500372182578,10.0,1.0003690719604492,1.0003690719604492,1.0003690719604492,0.0002609170915093273,0.0,0.6053265333175659,2100000.0,-0.023041972890496254,-0.0031214281916618347,2.2888184680880386e-09,0.023615259677171707,0.0015223845839500427,2.4230568408966064,0.9947509169578552,-0.08267802000045776,4.49420166015625,9295.109375,78.685791015625,8.826435089111328,87.51229858398438,228.53932189941406,0.5409653186798096,0.30978965759277344,0.2454998940229416,0.06834254413843155,0.5726608037948608,1.0,2.1702017784118652,2.1702017784118652,2.1702017784118652,0.0
23.46396255493164,40.779998779296875,1000.0,105.0,0.8906199336051941,0.00024973173276521266,10.0,0.9999737739562988,0.9999737739562988,0.9999737739562988,1.851655906648375e-05,0.0,0.6071246266365051,2120000.0,-0.019751155748963356,0.003290817141532898,4.768371461572052e-11,0.025705324485898018,0.0020900648087263107,2.4001080989837646,0.9552552700042725,-0.039495646953582764,4.4814558029174805,9382.775390625,79.18989562988281,8.453279495239258,87.64322662353516,228.1979217529297,0.6475463509559631,0.33167827129364014,0.2048780769109726,0.04769667983055115,0.5122078061103821,1.0,2.190387725830078,2.190387725830078,2.190387725830078,0.0
23.757211685180664,40.20000076293945,1000.0,106.0,0.8946964740753174,0.00026009022258222103,10.0,0.9999062418937683,0.9999062418937683,0.9999062418937683,6.628294795518741e-05,0.0,0.609332799911499,2140000.0,-0.021094681695103645,-0.0013435259461402893,3.051757735406113e-09,0.02336147613823414,-0.0023438483476638794,2.4188008308410645,1.0776774883270264,0.1224222183227539,4.522549152374268,9469.9345703125,78.29703521728516,8.837159156799316,87.13424682617188,229.53089904785156,0.6299718618392944,0.32584500312805176,0.19837673008441925,0.050395019352436066,0.5172374844551086,1.0,2.210860252380371,2.210860252380371,2.210860252380371,0.0
23.69280242919922,37.380001068115234,1000.0,107.0,0.8961489200592041,0.0002939244150184095,10.0,1.0006023645401,1.0006023645401,1.0006023645401,0.0004259079578332603,0.0,0.6083886623382568,2160000.0,-0.019619569182395935,0.0014751125127077103,4.386901952813105e-09,0.02445380389690399,0.0010923277586698532,2.422292947769165,0.8528842926025391,-0.2247931957244873,4.611189842224121,9557.861328125,79.12053680419922,8.780858993530273,87.90145874023438,227.5275421142578,0.6776487231254578,0.3076113760471344,0.19925372302532196,0.04355325549840927,0.453939288854599,1.0,2.231192111968994,2.231192111968994,2.231192111968994,0.0
24.111835479736328,36.34000015258789,1000.0,108.0,0.9065554141998291,0.00028157519409433007,10.0,0.9987003803253174,0.9987003803253174,0.9987003803253174,0.0009189699194394052,0.0,0.614780604839325,2180000.0,-0.0238841250538826,-0.004264555871486664,9.63211022053656e-09,0.024973202496767044,0.0005193985998630524,2.371049165725708,0.8962560892105103,0.04337179660797119,4.47387170791626,9644.9052734375,78.3561019897461,8.658651351928711,87.01480865478516,229.84596252441406,0.5566980242729187,0.3074376583099365,0.26963919401168823,0.06453429162502289,0.5522520542144775,1.0,2.251251697540283,2.251251697540283,2.251251697540283,0.0
24.163297653198242,30.920000076293945,1000.0,109.0,0.9088547825813293,0.00031149821006692946,10.0,0.998358428478241,0.998358428478241,0.998358428478241,0.0011607804335653782,0.0,0.6163413524627686,2200000.0,-0.01836654543876648,0.005517579615116119,5.722046170220096e-10,0.026778927072882652,0.0018057245761156082,2.412128210067749,0.7398845553398132,-0.15637153387069702,4.264565467834473,9733.2421875,79.54246520996094,8.771326065063477,88.31385040283203,226.46507263183594,0.672294020652771,0.3007688820362091,0.20461323857307434,0.04424981027841568,0.4473770260810852,1.0,2.2702746391296387,2.2702746391296387,2.2702746391296387,0.0
24.276222229003906,37.86000061035156,1000.0,110.0,0.9078536033630371,0.00025692832423374057,10.0,0.9985304474830627,0.9985304474830627,0.9985304474830627,0.001039116526953876,0.0,0.6143941283226013,2220000.0,-0.023159047588706017,-0.004792502149939537,1.430511542555024e-10,0.02446327544748783,-0.002315651625394821,2.4555916786193848,1.1135342121124268,0.3736496567726135,4.385648727416992,9821.1630859375,79.1557846069336,8.740804672241211,87.89666748046875,227.53993225097656,0.562248706817627,0.3273802101612091,0.2121967226266861,0.06326638162136078,0.5822693705558777,1.0,2.2893869876861572,2.2893869876861572,2.2893869876861572,0.0
23.558605194091797,32.63999938964844,1000.0,111.0,0.9129722714424133,0.00026321111363358796,10.0,1.0007473230361938,1.0007473230361938,1.0007473230361938,0.0005284090875647962,0.0,0.6167991757392883,2240000.0,-0.01844792626798153,0.004711121320724487,-1.76429750808893e-08,0.022190643474459648,-0.002272631973028183,2.3723666667938232,0.7622714042663574,-0.35126280784606934,4.253584384918213,9909.5869140625,79.7779541015625,8.619590759277344,88.39759826660156,226.25051879882812,0.715533971786499,0.32216885685920715,0.18883386254310608,0.03906334191560745,0.4502495527267456,1.0,2.3078150749206543,2.3078150749206543,2.3078150749206543,0.0
22.798479080200195,32.060001373291016,1000.0,112.0,0.9099329113960266,0.00030294235330075026,10.0,0.9996071457862854,0.9996071457862854,0.9996071457862854,0.0002777758054435253,0.0,0.6144960522651672,2260000.0,-0.021814176812767982,-0.0033662505447864532,6.961822673900997e-09,0.022619912400841713,0.0004292689263820648,2.352311611175537,0.8708618879318237,0.10859048366546631,3.7940292358398438,9997.650390625,79.34661102294922,8.691109657287598,88.03777313232422,227.1752471923828,0.552919328212738,0.302892804145813,0.2510557174682617,0.06541936844587326,0.547806441783905,1.0,2.3255422115325928,2.3255422115325928,2.3255422115325928,0.0
23.119733810424805,34.84000015258789,1000.0,113.0,0.9100703597068787,0.00024005357408896089,10.0,0.9999637603759766,0.9999637603759766,0.9999637603759766,2.5653413104009815e-05,0.0,0.6137458682060242,2280000.0,-0.019309401512145996,0.0025047753006219864,2.9087066089061864e-09,0.022493505850434303,-0.00012640655040740967,2.4164741039276123,1.031292200088501,0.16043031215667725,4.26677131652832,10085.1484375,78.95994567871094,8.513094902038574,87.47309112548828,228.6417694091797,0.6734552979469299,0.3355562388896942,0.16783691942691803,0.044097334146499634,0.49826058745384216,1.0,2.3430562019348145,2.3430562019348145,2.3430562019348145,0.0
23.148244857788086,37.08000183105469,1000.0,114.0,0.9128324389457703,0.00028913261485286057,10.0,1.0003360509872437,1.0003360509872437,1.0003360509872437,0.0002375958429183811,0.0,0.6155593395233154,2300000.0,-0.02013767510652542,-0.000828273594379425,6.771087690538025e-09,0.027554074302315712,0.005060568451881409,2.379643440246582,0.8813442587852478,-0.14994794130325317,4.207237720489502,10172.46484375,78.35002136230469,8.941108703613281,87.29117584228516,229.11825561523438,0.649321973323822,0.310774564743042,0.20102141797542572,0.047436174005270004,0.478613942861557,1.0,2.360717296600342,2.360717296600342,2.360717296600342,0.0
23.604360580444336,32.400001525878906,1000.0,115.0,0.913672685623169,0.00026597976102493703,10.0,0.999887228012085,0.999887228012085,0.999887228012085,7.974183972692117e-05,0.0,0.6158822178840637,2320000.0,-0.018443914130330086,0.0016937609761953354,-3.051757735406113e-09,0.02781279943883419,0.0002587251365184784,2.357492685317993,0.775226354598999,-0.10611790418624878,4.381894588470459,10259.60546875,78.27509307861328,8.840007781982422,87.11515045166016,229.58120727539062,0.7193764448165894,0.32691287994384766,0.15703728795051575,0.03864714503288269,0.454439252614975,1.0,2.3778131008148193,2.3778131008148193,2.3778131008148193,0.0
23.776321411132812,36.560001373291016,1000.0,116.0,0.9207037091255188,0.0002780514769256115,10.0,1.0005378723144531,1.0005378723144531,1.0005378723144531,0.0003802769642788917,0.0,0.6197202801704407,2340000.0,-0.019520021975040436,-0.00107610784471035,3.910064716450279e-09,0.024880114942789078,-0.0029326844960451126,2.430495500564575,0.8446709513664246,0.06944459676742554,4.242257118225098,10347.2744140625,78.82876586914062,8.814783096313477,87.64361572265625,228.1969451904297,0.6680374145507812,0.3157239258289337,0.17475265264511108,0.044815510511398315,0.47261419892311096,1.0,2.395030975341797,2.395030975341797,2.395030975341797,0.0
24.21063232421875,31.3799991607666,1000.0,117.0,0.9257068634033203,0.0002360113721806556,10.0,1.0009962320327759,1.0009962320327759,1.0009962320327759,0.0007045267266221344,0.0,0.623154878616333,2360000.0,-0.01746506057679653,0.002054961398243904,-9.155273872352154e-09,0.02506355009973049,0.00018343515694141388,2.4426958560943604,0.7386532425880432,-0.10601770877838135,4.217203140258789,10435.4423828125,78.8697509765625,9.273067474365234,88.14287567138672,226.90435791015625,0.7357302308082581,0.3381805419921875,0.1354340761899948,0.03694814443588257,0.45965299010276794,1.0,2.4115779399871826,2.4115779399871826,2.4115779399871826,0.0
23.791885375976562,29.799999237060547,1000.0,118.0,0.9216983914375305,0.0002839853405021131,10.0,0.9992668032646179,0.9992668032646179,0.9992668032646179,0.0005184905603528023,0.0,0.620945155620575,2380000.0,-0.017866572365164757,-0.0004015117883682251,7.438659466174613e-09,0.02408793196082115,-0.0009756181389093399,2.4071309566497803,0.692925214767456,-0.04572802782058716,3.8501477241516113,10523.8564453125,79.6321792602539,8.756040573120117,88.38827514648438,226.27438354492188,0.699616551399231,0.3125545084476471,0.19888204336166382,0.040861066430807114,0.446751207113266,1.0,2.427279233932495,2.427279233932495,2.427279233932495,0.0
23.088701248168945,24.0,1000.0,119.0,0.9155046343803406,0.00024325713457074016,10.0,1.0002108812332153,1.0002108812332153,1.0002108812332153,0.00014914365601725876,0.0,0.6172618269920349,2400000.0,-0.016148151829838753,0.001718420535326004,-5.57899459963096e-09,0.02186731807887554,-0.00222061388194561,2.354349136352539,0.6587731242179871,-0.034152090549468994,3.932009696960449,10611.43359375,78.98310852050781,8.569209098815918,87.55236053466797,228.43475341796875,0.7918470501899719,0.3345922827720642,0.1689750701189041,0.03189680725336075,0.42254674434661865,1.0,2.441317081451416,2.441317081451416,2.441317081451416,0.0
23.257068634033203,34.900001525878906,1000.0,120.0,0.9116294980049133,0.00026314452406950295,10.0,1.000918984413147,1.000918984413147,1.000918984413147,0.000649904424790293,0.0,0.6154832243919373,2420000.0,-0.01983749121427536,-0.0036893393844366074,-7.438659466174613e-09,0.021815398707985878,-5.1919370889663696e-05,2.41485595703125,0.9729517102241516,0.31417858600616455,4.216094970703125,10699.2060546875,78.86735534667969,8.879814147949219,87.7472152709961,227.927490234375,0.6453169584274292,0.3215179741382599,0.1850603222846985,0.048026807606220245,0.4982326030731201,1.0,2.455545425415039,2.455545425415039,2.455545425415039,0.0
23.770959854125977,33.41999816894531,1000.0,121.0,0.9115962982177734,0.00027556729037314653,10.0,0.9996629357337952,0.9996629357337952,0.9996629357337952,0.00023832637816667557,0.0,0.6161084175109863,2440000.0,-0.01795385219156742,0.0018836390227079391,5.531310964812519e-09,0.026028206571936607,0.004212807863950729,2.4044413566589355,0.7952924966812134,-0.17765921354293823,3.993229389190674,10787.4228515625,79.38751220703125,8.805145263671875,88.19273376464844,226.7760772705078,0.7152386903762817,0.3159683644771576,0.17245814204216003,0.039095595479011536,0.4417664706707001,1.0,2.469721555709839,2.469721555709839,2.469721555709839,0.0
23.956880569458008,36.91999816894531,1000.0,122.0,0.9084954261779785,0.00027003383729606867,10.0,1.000493049621582,1.000493049621582,1.000493049621582,0.00034869491355493665,0.0,0.6140568256378174,2460000.0,-0.019531266763806343,-0.0015774145722389221,2.479553229406406e-09,0.018959470093250275,-0.007068736478686333,2.4019548892974854,0.856806218624115,0.06151372194290161,3.7469606399536133,10875.19921875,79.08636474609375,8.66446590423584,87.7508773803711,227.91796875,0.6585556268692017,0.322665810585022,0.19864647090435028,0.046115290373563766,0.4899598956108093,1.0,2.4843978881835938,2.4843978881835938,2.4843978881835938,0.0
24.183826446533203,33.099998474121094,1000.0,123.0,0.8987374901771545,0.0002581300213932991,10.0,0.9994597434997559,0.9994597434997559,0.9994597434997559,0.00038199094706214964,0.0,0.6079363226890564,2480000.0,-0.016874734312295914,0.0026565324515104294,-3.7193297330873065e-09,0.020673338323831558,0.0017138682305812836,2.4156923294067383,0.8264083862304688,-0.03039783239364624,4.090113639831543,10963.3662109375,79.40995025634766,8.730742454528809,88.14075469970703,226.90980529785156,0.7382219433784485,0.3294971287250519,0.14683781564235687,0.036699146032333374,0.44633883237838745,1.0,2.4989371299743652,2.4989371299743652,2.4989371299743652,0.0
24.0107364654541,35.439998626708984,1000.0,124.0,0.8992376327514648,0.0002851091849151999,10.0,0.9985014796257019,0.9985014796257019,0.9985014796257019,0.0010595998028293252,0.0,0.6081518530845642,2500000.0,-0.021110637113451958,-0.004235902801156044,3.433227480087453e-09,0.02452094480395317,0.0038476064801216125,2.36843204498291,0.9318603277206421,0.10545194149017334,3.9327139854431152,11051.28515625,78.9989242553711,8.894248962402344,87.89327239990234,227.54873657226562,0.6111189723014832,0.30913686752319336,0.2066432684659958,0.053552329540252686,0.5058538317680359,1.0,2.5137224197387695,2.5137224197387695,2.5137224197387695,0.0
23.185407638549805,33.86000061035156,1000.0,125.0,0.9077229499816895,0.0002519826521165669,10.0,1.001254916191101,1.001254916191101,1.001254916191101,0.0008873316692188382,0.0,0.6135034561157227,2520000.0,-0.017340997233986855,0.003769639879465103,-4.482269222449986e-09,0.022317616268992424,-0.0022033285349607468,2.368342161178589,0.8742091655731201,-0.05765116214752197,4.028125286102295,11140.98046875,80.81080627441406,8.857736587524414,89.66858673095703,223.04356384277344,0.7510371208190918,0.3291018307209015,0.17749391496181488,0.035457413643598557,0.43819645047187805,1.0,2.5284876823425293,2.5284876823425293,2.5284876823425293,0.0
22.79012680053711,36.560001373291016,1000.0,126.0,0.9125010371208191,0.0002672582631930709,10.0,1.0013595819473267,1.0013595819473267,1.0013595819473267,0.0009614538867026567,0.0,0.6164526343345642,2540000.0,-0.01892164535820484,-0.001580648124217987,3.3855438452690123e-09,0.02495051547884941,0.002632899209856987,2.3789024353027344,0.8119231462478638,-0.06228601932525635,3.85435152053833,11229.548828125,79.81354522705078,8.730695724487305,88.5442886352539,225.8756866455078,0.6811428070068359,0.321103036403656,0.16210126876831055,0.043107569217681885,0.4714180827140808,1.0,2.543663263320923,2.543663263320923,2.543663263320923,0.0
22.75890350341797,30.479999542236328,1000.0,127.0,0.9145290851593018,0.00025942386128008366,10.0,0.9998350143432617,0.9998350143432617,0.9998350143432617,0.0001166905858553946,0.0,0.6188532710075378,2560000.0,-0.018918676301836967,2.9690563678741455e-06,-2.0503998499066256e-09,0.024302031844854355,-0.0006484836339950562,2.383100748062134,0.8260936737060547,0.014170527458190918,3.902888298034668,11318.98828125,80.35773468017578,9.055878639221191,89.41366577148438,223.67947387695312,0.6613841652870178,0.32446733117103577,0.19048798084259033,0.045721691101789474,0.4905882775783539,1.0,2.558253765106201,2.558253765106201,2.558253765106201,0.0
23.20565414428711,27.959999084472656,1000.0,128.0,0.9080755114555359,0.0002662033948581666,10.0,0.9984650611877441,0.9984650611877441,0.9984650611877441,0.001085337600670755,0.0,0.6150386929512024,2580000.0,-0.017077697440981865,0.0018409788608551025,-9.155273872352154e-09,0.02324899472296238,-0.0010530371218919754,2.3686087131500244,0.7759227752685547,-0.0501708984375,3.903473138809204,11407.806640625,80.01868438720703,8.774398803710938,88.79314422607422,225.2426300048828,0.7586144804954529,0.3274620771408081,0.14325864613056183,0.03475262224674225,0.43165820837020874,1.0,2.5719153881073,2.5719153881073,2.5719153881073,0.0
23.5239315032959,32.36000061035156,1000.0,129.0,0.9062087535858154,0.0002763982047326863,10.0,0.9999879002571106,0.9999879002571106,0.9999879002571106,8.569882083975244e-06,0.0,0.613210141658783,2600000.0,-0.022173957899212837,-0.005096260458230972,-1.7166137400437265e-09,0.02625519596040249,0.0030062012374401093,2.3875820636749268,0.897625207901001,0.12170243263244629,3.9306890964508057,11496.826171875,80.10282897949219,8.891352653503418,88.9942398071289,224.73367309570312,0.5751872658729553,0.31630489230155945,0.20541590452194214,0.06045209616422653,0.5499163866043091,1.0,2.5854451656341553,2.5854451656341553,2.5854451656341553,0.0
23.57489776611328,35.13999938964844,1000.0,130.0,0.9105491638183594,0.0002461317053530365,10.0,1.0003160238265991,1.0003160238265991,1.0003160238265991,0.0002233783307019621,0.0,0.6161676049232483,2620000.0,-0.018823126330971718,0.0033508315682411194,-1.6593933338526767e-08,0.02679225616157055,0.0005370602011680603,2.376904010772705,0.8511203527450562,-0.046504855155944824,3.9960148334503174,13690.775390625,2185.233154296875,8.689811706542969,2193.923095703125,9.116089820861816,0.6866592764854431,0.32939091324806213,0.1797126829624176,0.04241771996021271,0.4797007739543915,1.0,2.599304676055908,2.599304676055908,2.599304676055908,0.0
22.453468322753906,35.36000061035156,1000.0,131.0,0.9107291102409363,0.00027293903985992074,10.0,1.000072956085205,1.000072956085205,1.000072956085205,5.158774001756683e-05,0.0,0.6170521378517151,2640000.0,-0.020707136020064354,-0.001884009689092636,8.77380390562621e-09,0.02908804640173912,0.0022957902401685715,2.290332555770874,0.8442249298095703,-0.00689542293548584,4.2366180419921875,13779.1494140625,79.47502136230469,8.873847007751465,88.34892272949219,226.3751678466797,0.6073887944221497,0.3162277340888977,0.2340570092201233,0.05421211197972298,0.5206348896026611,1.0,2.613502025604248,2.613502025604248,2.613502025604248,0.0
